Div,Date,HomeTeam,AwayTeam,FTHG,FTAG,HTHG,HTAG
TZ1,01/09/2026,Singida Black Stars FC,Namungo FC,3,2,,
TZ1,04/09/2026,TRA United SC,Mbeya City FC,0,0,,
TZ1,04/09/2026,Dodoma Jiji FC,Mashujaa FC,1,0,,
TZ1,05/09/2026,JKT Tanzania FC,Pamba Jiji FC,3,0,,
TZ1,06/09/2026,Polisi Tanzania,Coastal Union FC,1,2,,
TZ1,07/09/2026,Azam FC,Namungo FC,2,0,,
TZ1,09/09/2026,Mashujaa FC,Singida Black Stars FC,2,1,,
TZ1,11/09/2026,Dodoma Jiji FC,Namungo FC,1,0,,
TZ1,12/09/2026,Coastal Union FC,JKT Tanzania FC,2,1,,
TZ1,12/09/2026,Polisi Tanzania,Mbeya City FC,2,0,,
TZ1,13/09/2026,Kagera Sugar FC,Singida Fountain Gate FC,1,1,,
TZ1,13/09/2026,Pamba Jiji FC,TRA United SC,1,3,,
TZ1,15/09/2026,Young Africans SC,Geita Gold FC,1,0,,
TZ1,16/09/2026,Azam FC,Simba SC,0,2,,
TZ1,08/10/2026,Namungo FC,TRA United SC,1,0,,
TZ1,08/10/2026,Pamba Jiji FC,Geita Gold FC,4,0,,
TZ1,08/10/2026,Mashujaa FC,Polisi Tanzania,2,1,,
