Div,Date,Time,HomeTeam,AwayTeam
TZ1,13/09/2026,19:00,Kagera Sugar FC,Singida Fountain Gate FC
TZ1,13/09/2026,16:00,Pamba Jiji FC,TRA United SC
TZ1,15/09/2026,19:00,Young Africans SC,Geita Gold FC
TZ1,16/09/2026,19:00,Azam FC,Simba SC
TZ1,08/10/2026,14:00,Mashujaa FC,Polisi Tanzania
TZ1,08/10/2026,16:15,Pamba Jiji FC,Geita Gold FC
TZ1,08/10/2026,18:30,Namungo FC,TRA United SC
TZ1,08/10/2026,21:00,Coastal Union FC,TRA United SC
TZ1,09/10/2026,19:00,Dodoma Jiji FC,Singida Black Stars FC
TZ1,09/10/2026,14:00,Singida Fountain Gate FC,Azam FC
TZ1,09/10/2026,16:15,Mbeya City FC,Kagera Sugar FC
TZ1,10/10/2026,19:00,Simba SC,Young Africans SC
TZ1,12/10/2026,18:00,Coastal Union FC,Singida Black Stars FC
TZ1,13/10/2026,16:00,TRA United SC,Young Africans SC
TZ1,13/10/2026,19:00,Simba SC,Mashujaa FC
TZ1,16/10/2026,16:00,Singida Fountain Gate FC,Pamba Jiji FC
TZ1,16/10/2026,19:00,Geita Gold FC,Dodoma Jiji FC
TZ1,17/10/2026,19:00,Kagera Sugar FC,Polisi Tanzania
TZ1,18/10/2026,19:00,JKT Tanzania FC,Mbeya City FC
TZ1,23/10/2026,16:00,Polisi Tanzania,Pamba Jiji FC
TZ1,24/10/2026,18:00,JKT Tanzania FC,Kagera Sugar FC
TZ1,24/10/2026,20:30,Namungo FC,Coastal Union FC
TZ1,26/10/2026,19:00,Geita Gold FC,Singida Fountain Gate FC
TZ1,27/10/2026,21:00,Dodoma Jiji FC,JKT Tanzania FC
TZ1,27/10/2026,16:00,Pamba Jiji FC,Singida Black Stars FC
TZ1,27/10/2026,18:30,Young Africans SC,Mashujaa FC
TZ1,28/10/2026,16:00,Singida Fountain Gate FC,Simba SC
TZ1,28/10/2026,18:30,Azam FC,Mbeya City FC
TZ1,28/10/2026,21:00,Coastal Union FC,Kagera Sugar FC
TZ1,29/10/2026,16:00,TRA United SC,Geita Gold FC
TZ1,29/10/2026,19:00,Namungo FC,Polisi Tanzania
TZ1,31/10/2026,18:30,JKT Tanzania FC,Azam FC
TZ1,31/10/2026,16:00,Mbeya City FC,Singida Black Stars FC
TZ1,31/10/2026,21:00,Coastal Union FC,Dodoma Jiji FC
TZ1,01/11/2026,19:00,Young Africans SC,Kagera Sugar FC
TZ1,01/11/2026,16:00,Polisi Tanzania,Geita Gold FC
TZ1,02/11/2026,14:00,TRA United SC,Singida Fountain Gate FC
TZ1,02/11/2026,16:15,Mashujaa FC,Pamba Jiji FC
TZ1,02/11/2026,19:00,Simba SC,Namungo FC
TZ1,20/11/2026,16:00,Polisi Tanzania,Young Africans SC
TZ1,20/11/2026,18:30,Namungo FC,Mbeya City FC
TZ1,20/11/2026,21:00,Azam FC,Singida Black Stars FC
TZ1,21/11/2026,16:00,Pamba Jiji FC,Coastal Union FC
TZ1,21/11/2026,18:30,JKT Tanzania FC,Simba SC
TZ1,21/11/2026,21:00,Dodoma Jiji FC,Singida Fountain Gate FC
TZ1,22/11/2026,20:30,Geita Gold FC,Mashujaa FC
TZ1,22/11/2026,18:00,Kagera Sugar FC,TRA United SC
TZ1,27/11/2026,16:00,Pamba Jiji FC,Namungo FC
TZ1,27/11/2026,19:00,Kagera Sugar FC,Dodoma Jiji FC
TZ1,28/11/2026,16:00,Mashujaa FC,TRA United SC
TZ1,29/11/2026,19:00,Geita Gold FC,Coastal Union FC
TZ1,04/12/2026,14:00,TRA United SC,Polisi Tanzania
TZ1,04/12/2026,16:15,Mbeya City FC,Pamba Jiji FC
TZ1,05/12/2026,19:00,Coastal Union FC,Singida Fountain Gate FC
TZ1,06/12/2026,16:00,Mashujaa FC,JKT Tanzania FC
TZ1,06/12/2026,19:00,Kagera Sugar FC,Namungo FC
TZ1,11/12/2026,16:15,TRA United SC,Simba SC
TZ1,11/12/2026,16:15,Mbeya City FC,Coastal Union FC
TZ1,11/12/2026,14:00,Pamba Jiji FC,Kagera Sugar FC
TZ1,12/12/2026,16:00,Singida Fountain Gate FC,Polisi Tanzania
TZ1,12/12/2026,18:30,Singida Black Stars FC,Young Africans SC
TZ1,12/12/2026,21:00,Azam FC,Dodoma Jiji FC
TZ1,13/12/2026,16:00,Mashujaa FC,Namungo FC
TZ1,13/12/2026,19:00,Geita Gold FC,JKT Tanzania FC
TZ1,29/12/2026,16:00,Namungo FC,Singida Black Stars FC
TZ1,29/12/2026,18:30,Kagera Sugar FC,Pamba Jiji FC
TZ1,29/12/2026,21:00,Dodoma Jiji FC,TRA United SC
TZ1,30/12/2026,19:00,Azam FC,Young Africans SC
TZ1,30/12/2026,16:00,Singida Fountain Gate FC,Geita Gold FC
TZ1,31/12/2026,16:00,Polisi Tanzania,Simba SC
TZ1,31/12/2026,18:30,JKT Tanzania FC,Mashujaa FC
TZ1,31/12/2026,21:00,Coastal Union FC,Mbeya City FC
TZ1,15/01/2027,18:00,JKT Tanzania FC,Dodoma Jiji FC
TZ1,16/01/2027,16:00,TRA United SC,Coastal Union FC
TZ1,16/01/2027,19:00,Geita Gold FC,Pamba Jiji FC
TZ1,17/01/2027,16:00,Mashujaa FC,Mbeya City FC
TZ1,22/01/2027,19:00,Dodoma Jiji FC,Mbeya City FC
TZ1,23/01/2027,19:00,Namungo FC,Kagera Sugar FC
TZ1,24/01/2027,14:00,Pamba Jiji FC,Mashujaa FC
TZ1,24/01/2027,16:15,TRA United SC,JKT Tanzania FC
TZ1,01/02/2027,14:00,TRA United SC,Singida Black Stars FC
TZ1,02/02/2027,14:00,Mashujaa FC,Geita Gold FC
TZ1,02/02/2027,16:15,TRA United SC,Pamba Jiji FC
TZ1,02/02/2027,19:00,Coastal Union FC,Simba SC
TZ1,03/02/2027,16:00,Mbeya City FC,Namungo FC
TZ1,03/02/2027,18:30,Singida Black Stars FC,Kagera Sugar FC
TZ1,03/02/2027,21:00,Young Africans SC,Polisi Tanzania
TZ1,04/02/2027,18:00,JKT Tanzania FC,Singida Fountain Gate FC
TZ1,04/02/2027,20:30,Dodoma Jiji FC,Azam FC
TZ1,06/02/2027,19:00,Young Africans SC,Simba SC
TZ1,07/02/2027,21:00,Dodoma Jiji FC,Pamba Jiji FC
TZ1,07/02/2027,18:30,Kagera Sugar FC,Mbeya City FC
TZ1,07/02/2027,16:00,Polisi Tanzania,TRA United SC
TZ1,08/02/2027,16:00,Singida Fountain Gate FC,Coastal Union FC
TZ1,08/02/2027,18:30,Geita Gold FC,Namungo FC
TZ1,08/02/2027,18:30,Singida Black Stars FC,Mashujaa FC
TZ1,08/02/2027,21:00,Azam FC,JKT Tanzania FC
TZ1,11/02/2027,16:15,Mashujaa FC,Young Africans SC
TZ1,11/02/2027,19:00,Azam FC,Coastal Union FC
TZ1,12/02/2027,14:00,Singida Fountain Gate FC,Namungo FC
TZ1,12/02/2027,16:15,Pamba Jiji FC,Mbeya City FC
TZ1,12/02/2027,19:00,Kagera Sugar FC,Geita Gold FC
TZ1,13/02/2027,19:00,Simba SC,JKT Tanzania FC
TZ1,13/02/2027,16:00,Polisi Tanzania,Dodoma Jiji FC
TZ1,15/02/2027,16:00,TRA United SC,Azam FC
TZ1,15/02/2027,19:00,Geita Gold FC,Mbeya City FC
TZ1,15/02/2027,21:00,Singida Black Stars FC,Coastal Union FC
TZ1,16/02/2027,16:00,Mashujaa FC,Singida Fountain Gate FC
TZ1,16/02/2027,18:30,Namungo FC,JKT Tanzania FC
TZ1,16/02/2027,21:00,Dodoma Jiji FC,Simba SC
TZ1,17/02/2027,16:00,Pamba Jiji FC,Polisi Tanzania
TZ1,17/02/2027,19:00,Kagera Sugar FC,Young Africans SC
TZ1,23/02/2027,18:00,JKT Tanzania FC,Singida Black Stars FC
TZ1,23/02/2027,20:30,Simba SC,Pamba Jiji FC
TZ1,24/02/2027,20:30,Azam FC,Geita Gold FC
TZ1,24/02/2027,18:00,Young Africans SC,Dodoma Jiji FC
TZ1,26/02/2027,14:00,Mbeya City FC,Singida Fountain Gate FC
TZ1,26/02/2027,16:15,TRA United SC,Mashujaa FC
TZ1,27/02/2027,16:00,Polisi Tanzania,Kagera Sugar FC
TZ1,28/02/2027,19:00,Coastal Union FC,Namungo FC
TZ1,05/03/2027,16:00,Polisi Tanzania,Mashujaa FC
TZ1,05/03/2027,19:00,Namungo FC,Pamba Jiji FC
TZ1,06/03/2027,16:00,Mbeya City FC,JKT Tanzania FC
TZ1,07/03/2027,20:30,Dodoma Jiji FC,Kagera Sugar FC
TZ1,07/03/2027,18:00,Coastal Union FC,Geita Gold FC
TZ1,12/03/2027,19:00,Young Africans SC,Mbeya City FC
TZ1,12/03/2027,16:00,Polisi Tanzania,Singida Fountain Gate FC
TZ1,13/03/2027,16:00,Namungo FC,Mashujaa FC
TZ1,13/03/2027,18:30,Simba SC,TRA United SC
TZ1,13/03/2027,21:00,Azam FC,Kagera Sugar FC
TZ1,14/03/2027,16:00,Singida Black Stars FC,Dodoma Jiji FC
TZ1,14/03/2027,18:30,JKT Tanzania FC,Geita Gold FC
TZ1,14/03/2027,21:00,Coastal Union FC,Pamba Jiji FC
TZ1,06/04/2027,16:00,Pamba Jiji FC,Young Africans SC
TZ1,07/04/2027,16:00,Mbeya City FC,Simba SC
TZ1,07/04/2027,19:00,Singida Black Stars FC,Azam FC
TZ1,09/04/2027,16:00,Mashujaa FC,Coastal Union FC
TZ1,09/04/2027,19:00,Kagera Sugar FC,JKT Tanzania FC
TZ1,10/04/2027,19:00,Geita Gold FC,Polisi Tanzania
TZ1,10/04/2027,16:00,TRA United SC,Namungo FC
TZ1,11/04/2027,16:00,Singida Fountain Gate FC,Dodoma Jiji FC
TZ1,16/04/2027,14:00,Pamba Jiji FC,JKT Tanzania FC
TZ1,16/04/2027,16:15,Mashujaa FC,Dodoma Jiji FC
TZ1,17/04/2027,16:00,Singida Fountain Gate FC,TRA United SC
TZ1,18/04/2027,16:00,Polisi Tanzania,Namungo FC
TZ1,18/04/2027,19:00,Kagera Sugar FC,Coastal Union FC
TZ1,03/05/2027,16:00,Mbeya City FC,TRA United SC
TZ1,03/05/2027,16:00,Namungo FC,Simba SC
TZ1,03/05/2027,16:00,Azam FC,Singida Fountain Gate FC
TZ1,03/05/2027,16:00,Kagera Sugar FC,Mashujaa FC
TZ1,03/05/2027,16:00,Singida Black Stars FC,Pamba Jiji FC
TZ1,03/05/2027,16:00,Coastal Union FC,Polisi Tanzania
TZ1,03/05/2027,16:00,Dodoma Jiji FC,Geita Gold FC
TZ1,03/05/2027,16:00,JKT Tanzania FC,Young Africans SC
TZ1,12/05/2027,16:00,TRA United SC,Kagera Sugar FC
TZ1,12/05/2027,16:00,Geita Gold FC,Simba SC
TZ1,12/05/2027,16:00,Young Africans SC,Namungo FC
TZ1,12/05/2027,16:00,Pamba Jiji FC,Singida Fountain Gate FC
TZ1,12/05/2027,16:00,Dodoma Jiji FC,Coastal Union FC
TZ1,12/05/2027,16:00,Mashujaa FC,Azam FC
TZ1,12/05/2027,16:00,JKT Tanzania FC,Polisi Tanzania
TZ1,12/05/2027,16:00,Singida Black Stars FC,Mbeya City FC
TZ1,16/05/2027,16:00,JKT Tanzania FC,Coastal Union FC
TZ1,16/05/2027,16:00,Pamba Jiji FC,Azam FC
TZ1,16/05/2027,16:00,Singida Fountain Gate FC,Kagera Sugar FC
TZ1,16/05/2027,16:00,Mashujaa FC,Simba SC
TZ1,16/05/2027,16:00,Young Africans SC,Singida Black Stars FC
TZ1,16/05/2027,16:00,Mbeya City FC,Polisi Tanzania
TZ1,16/05/2027,16:00,Namungo FC,Dodoma Jiji FC
TZ1,16/05/2027,16:00,Geita Gold FC,TRA United SC
